id;code;name;display_name;username;last_login;email;phone_number;disabled;password_last_updated;created;last_updated;track
6a272c05-b3a5-472d-9736-c1991e149d2d;infrastructure Lorraine SQL;c deliver compressing;ubiquitous;granular;2024-08-23T21:02:26;Antonine.Schmitt83@yahoo.fr;open-source user Manager;false;2024-08-23T06:26:07;2024-08-23T11:12:33;2024-08-23T19:08:27;NEW
d1917eee-bb29-489c-a08a-54a0f94df77f;Concrete;Rubber;microchip Mouse;Berkshire tertiary;2024-08-23T10:55:55;Landry.Lemoine56@yahoo.fr;yellow;true;2024-08-23T05:07:44;2024-08-23T01:46:32;2024-08-23T03:33:14;NONE
10876a9a-97a5-432d-9f5b-0422e18b9e0b;matrix Shoes Bedfordshire;b d'Assas Concrete;Saint-Marin Wooden Concrete;tan Bretagne;2024-08-23T00:53:36;Cyrielle_Lambert@hotmail.fr;a Rhône-Alpes;true;2024-08-23T13:18:04;2024-08-23T18:04:59;2024-08-23T17:05:01;NONE
d2d5b32d-e441-4aba-812a-c44f2d4a84ac;invoice;withdrawal;Fish client-driven;well-modulated;2024-08-23T20:45:55;Dorothe.Philippe93@hotmail.fr;alarm copying;true;2024-08-23T21:43:59;2024-08-23T16:20:16;2024-08-23T03:34:31;NEW
6d3707aa-1b3b-4102-bc50-78a5b9f31418;actuating;Midi-Pyrénées circuit Île-de-France;Rial empower supply-chains;envisioneer de;2024-08-23T04:22:42;Bertrand69@hotmail.fr;Sleek Fresh;false;2024-08-23T08:26:27;2024-08-22T23:25:23;2024-08-23T11:19:28;NONE
013f423a-6cb3-44a2-b348-999d8d7cb6bd;PCI Peso web-readiness;e-commerce b;Rustic target alarm;system Licensed neural-net;2024-08-23T10:51:04;Maguelone76@yahoo.fr;Pants invoice hack;true;2024-08-23T07:36:21;2024-08-23T14:59:50;2024-08-23T02:58:26;NEW
0b22d136-90b2-4587-8236-02c9a21b12fc;Boliviano Car Assistant;Refined;extend;Producteur;2024-08-22T22:34:15;Priscille_Gaillard68@gmail.com;FTP synthesizing ADP;false;2024-08-23T11:28:13;2024-08-23T11:47:20;2024-08-22T22:54:35;UPDATE
5ed36a51-855e-49d1-96eb-43a8b3f308ee;Loan;Licensed Handcrafted;Licensed sky Garden;USB Computers;2024-08-23T11:15:09;Azale_Dubois@hotmail.fr;Garden workforce;true;2024-08-23T10:22:03;2024-08-23T03:28:47;2024-08-23T07:06:39;NEW
ca661a45-cf2c-4df9-b8a1-2768842fcbd4;b connecting;Frozen Steel open-source;state c Enterprise-wide;États-Unis de index;2024-08-23T01:16:12;Ren75@yahoo.fr;Bacon maroon;true;2024-08-23T03:57:50;2024-08-23T04:49:21;2024-08-22T22:18:19;UPDATE
c3050b70-fa14-4f55-9ca3-49272af5fb46;Metal;Bedfordshire Uruguayo;scalable withdrawal Koruna;Steel white robust;2024-08-23T16:15:08;Simone_Henry0@yahoo.fr;Concrete Handmade;true;2024-08-23T12:37:43;2024-08-23T10:31:00;2024-08-23T13:51:21;NONE
