id;name;created;last_updated;short_name;description;version;enrollment_date_label;incident_date_label;program_type;display_incident_date;ignore_overdue_events;user_roles;only_enroll_once;notification_templates;select_enrollment_dates_in_future;select_incident_dates_in_future;tracked_entity_type;style;skip_offline;display_front_page_list;use_first_stage_during_registration;expiry_days;complete_events_expiry_days;open_days_after_co_end_date;min_attributes_required_to_search;max_tei_count_to_return;access_level;display_enrollment_date_label;display_incident_date_label;registration;without_registration;display_short_name;display_description;display_form_name;display_name;organisation_units_count;program_stages_count;program_indicators_count;program_tracked_entity_attributes_count;organisation_units_content;program_stages_content;program_indicators_content;program_tracked_entity_attributes_content;track;created_by_id;last_updated_by_id
e10af4b8-d8c7-4d1e-9b3f-e76fbadf6661;totalement en face de pendant que;au dépens de areu areu;combien;habile;gigantesque infiniment;11453.52;fréquenter tandis que;autrefois;comme guide de manière à ce que;false;true;confesser;false;amorphe;false;true;avant séculaire;concurrence;true;false;true;7656.52;14584.34;6124.31;2398.62;24115.79;habile en guise de;énorme;sale;true;false;rapide;a exploser cuicui;tellement;d’autant que;20582;21021;8788;31666;arrêter puisque aux environs de;ouille pas mal parce que;d’autant que;passablement tout à fait délégation;NONE;1752f566-91b8-4829-bb8e-d3bf22eb2a6c;1752f566-91b8-4829-bb8e-d3bf22eb2a6c
fe5cae98-c123-48ac-a301-868a330c0991;avant-hier pacifique tant;élargir orange;vaste;ici fonctionnaire;selon près;15757.97;pauvre;de façon à ce que;au-devant;true;false;pour que équipe de recherche;true;placide mairie;true;true;suivre;loufoque;false;false;true;15424.23;25597.21;27195.1;20545.04;6819.3;cot cot;guide;estimer ah;false;false;d'avec;ding pourvu que davantage;du moment que tellement snob;afin que ci actionnaire;11987;5889;9662;18990;touriste gai;à la faveur de;ding rose énorme;sitôt;NEW;3c3ed2dc-fc45-4ad0-ab39-20de39d81f6e;3c3ed2dc-fc45-4ad0-ab39-20de39d81f6e
68559fa5-cce3-4c82-9447-2e7e34626859;soustraire paf peut-être;pff;penser;discuter par;vouh si bien que;4495.41;là;en triangulaire antique;placide;false;false;oups drelin plouf;false;de trop peu orange;true;false;ding secouriste;groin groin tant responsable;false;false;true;14283.89;28220.39;14635.28;9279.54;32369.1;smack police;en plus de;miam atchoum;false;true;recueillir insipide hypocrite;beaucoup soucier;comme;à l'entour de assez entraîner;25895;5377;14735;12241;également fort membre à vie;résigner rattacher;dehors;ici environ;NEW;1574248c-b43d-4f79-ac61-39f47f36d4c7;1574248c-b43d-4f79-ac61-39f47f36d4c7
375c1d94-bdb0-447c-b71b-6598f6cada95;athlète crac;après;fixer avancer avant que;aux alentours de;sombrer aïe au cas où;22672.45;coac coac guide;dans gai marron;prestataire de services tard;true;false;ouille après que;true;ensuite;true;false;bien que jeune;chef vraisemblablement;true;false;false;1185.24;28766.89;30110.65;27502.59;474.49;limiter;membre à vie;corps enseignant;true;true;novice euh;à côté de;crac parlementaire extra;mince vu que;25255;14162;15096;11495;clac lâche deçà;de manière à ce que;sage livrer;de peur que;NEW;36bd2084-ccac-4769-8634-2cade8384af0;36bd2084-ccac-4769-8634-2cade8384af0
63b52850-6c8b-42d7-909a-7760319b3cda;commis là en faveur de;si bien que;vraiment clac conseil d’administration;commis tchou tchouu;tchou tchouu caresser peut-être;7387.68;encore habile horrible;tendre debout;au cas où;true;true;de manière à carrément;true;commencer trop;true;true;émérite quitte à;direction fade;false;false;true;10946.46;22824.15;26837.58;4607.68;8826.13;à l'entour de;développer;quand ouf même si;true;true;vlan;y;au-dessus quoique électorat;corps enseignant tremper areu areu;6567;30729;17967;24797;concernant pourvoir;taire convertir spécialiste;cuicui;d'avec commis;NONE;a0e17b37-5b12-4a6e-b693-ce2befbce889;a0e17b37-5b12-4a6e-b693-ce2befbce889
ad863b66-df0a-45e8-a9bb-81e6b7a6bdcb;coin-coin dissimuler hors;brusque commis;près meuh alors que;gens balayer altruiste;administration fonctionnaire;17257.05;bè y dynamique;entre après que ensemble;enterrer au point que;true;false;ding sitôt que;true;tranquille tailler charitable;false;false;plouf responsable compromettre;lécher responsable;true;false;true;14947.33;25996.99;30176.58;31878.63;12688.01;envers au point que célébrer;dans la mesure où mince ah;chut hypocrite terriblement;false;false;insipide;a touriste entièrement;emporter;délectable dès que;14439;21771;29232;29938;pour;imprimer au-dedans de euh;flotter autant;adorable;NONE;9db28592-7ec1-4f8f-bb6e-7ff9564cd8c7;9db28592-7ec1-4f8f-bb6e-7ff9564cd8c7
beb76f6d-6b20-4018-a098-7eb0700aca5e;magenta auparavant comme;conseil d’administration quand ? cot cot;vouh;barrer drelin;au moyen de de façon que;27918.79;de crainte que dehors;à l'exception de;tandis que gestionnaire;false;true;lâche suggérer embarquer;true;à même dring à partir de;true;false;parvenir;envers téméraire;true;true;true;27410.75;20996.07;19473.95;20077.61;8759.08;ouch;délectable;occuper;false;true;séculaire si chef de cuisine;hors de;d’autant que sus magenta;population du Québec;7830;1291;30314;29002;population du Québec fonctionnaire;de façon à ce que hors neutre;à la faveur de d’autant que;moyennant devenir;UPDATE;ddcc59a6-c4a5-40f9-ac8a-1e725e880769;ddcc59a6-c4a5-40f9-ac8a-1e725e880769
f17c2599-e583-41fd-acf7-2050d6665c85;envers;hé renvoyer pour;en dépit de areu areu athlète;apparaître jusqu’à ce que comme;pour hors;9924.56;brave responsable;vlan;entretenir snif;false;true;responsable;true;tant accompagner;true;true;alors que responsable;fusiller;true;true;false;265.09;30134.88;3591.01;27991.56;16387.01;jeune enfant;efficace contre;résulter;false;true;élargir dans contre;police;trop;de peur de;27481;25135;30234;20968;du fait que;intrépide debout;outre de la part de;pacifique gens;NONE;5f3b50ea-8fa3-4c74-8932-9a9966882497;5f3b50ea-8fa3-4c74-8932-9a9966882497
103cde63-6e17-4469-987c-733f2f07554d;jaillir;dring badaboum dans la mesure où;jusqu’à ce que étant donné que dérouler;triangulaire premièrement grâce à;dans la mesure où tant que;19415.73;au prix de délégation;membre du personnel chef atchoum;lectorat assez;true;false;miaou entreprendre ouch;false;extatique à force de cocorico;false;false;déborder membre titulaire à condition que;vu que à peu près gigantesque;false;false;false;28860.32;31530.54;31750.65;792.5;619.93;soit;emmener athlète au lieu de;novice mature ouf;true;true;mairie;sans doute;population du Québec;drelin adepte aussitôt que;23360;27264;32462;28474;glouglou au défaut de;commis;affable corps enseignant pourvu que;tandis que que;UPDATE;e8ed3d22-8845-4dc3-aaae-15f477290bd6;e8ed3d22-8845-4dc3-aaae-15f477290bd6
a8ede1e3-6a59-4fe5-a890-5f91c0e71cbd;tant que concernant;splendide sédentaire euh;mentir;afin de hors vlan;à demi bien que;22160.78;maintenant pourpre;altruiste hystérique émérite;compter snif plic;false;true;beaucoup étant donné que sédentaire;false;déshabiller au point que;true;false;groin groin à travers;guetter à l'instar de;true;false;false;18866.12;9980.86;28532.62;2813.7;13727.46;patientèle grandement;tsoin-tsoin à bas de;pff;false;true;lors de;plus magenta envahir;grâce à;neutre;24057;17088;360;3622;avant-hier quand;immense;de crainte que souple rencontrer;sauf à demi;UPDATE;89bb291e-d491-4430-9fa6-2a472cc420f5;89bb291e-d491-4430-9fa6-2a472cc420f5
